club_id,pretty_name,national_team_players,stadium_name,stadium_seats,coach_name
1032,Fc Reading,6,Select Car Leasing Stadium,24161,Brian McDermott
2323,Orduspor,0,19 Eylül Stadyum,11024,Héctor Cúper
1387,Acn Siena 1904,2,Artemio Franchi,15373,Serse Cosmi
1071,Wigan Athletic,6,DW Stadium,25133,Roberto Martínez
2703,Spartak Vladikavkaz,0,Republican Stadium Spartak,32464,Vladimir Gazzaev
142,Real Saragossa,0,La Romareda,33068,Manolo Jiménez
566,Beerschot Ac,0,Olympisch Stadion,12771,Adrie Koster
1436,Sc Beira Mar,0,Estádio Mário Duarte,12000,Ulisses Morais
4750,Sc Olhanense,0,Estádio José Arcanjo,10080,Abel Xavier
23,Eintracht Braunschweig,0,EINTRACHT-Stadion,23325,Torsten Lieberknecht
2227,Sk Tavriya Simferopol,0,RS Lokomotiv,19978,Giannis Christopoulos
12438,Volga Nizhniy Novgorod,0,Zentralstadion Lokomotiv,17856,Yuriy Kalitvintsev
2292,Elazigspor,0,Elazığ Doğukent Stadı,2500,Trond Sollied
1210,As Livorno,0,Armando Picchi,19238,Davide Nicola
1627,Catania Calcio,0,Cibali - Angelo Massimino,20016,Rolando Maran
16245,Fk Sevastopol,0,SK Sevastopol,5826,Oleg Kononov
1423,Fc Valenciennes,2,Stade du Hainaut,25000,Daniel Sanchez
750,Fc Sochaux Montbeliard,3,Stade Auguste-Bonal,20005,Eric Hély
1411,Raec Mons,0,Charles Tondreau Stadion,12662,Enzo Scifo
5572,Niki Volou,1,Panthessaliko Stadio,22700,Wiljan Vloet
20698,Balikesirspor,1,Balıkesir Atatürk,15800,Ismail Ertekin
6894,Kayseri Erciyesspor,0,Kayseri Atatürk Spor Kompleksi Yan Açık Saha,2000,Hikmet Karaman
1429,Cesena Fc,1,Orogel Stadium - Dino Manuzzi,23860,Pierpaolo Bisoli
5220,Gs Ergotelis,1,Pankritio Stadio,25780,Juan Ferrando
2783,Metalurg Donetsk,0,Metalurg,5090,Volodymyr Pyatenko
204,Lierse Sk,0,Herman Vanderpoortenstadion,14538,Stanley Menzo
993,Fc Cordoba,0,Nuevo Arcángel,21822,Albert Ferrer
20100,Fc Vestsjaelland,0,Harboe Arena,10000,Michael Hansen
1039,Queens Park Rangers,9,Kiyan Prince Foundation Stadium,18360,Harry Redknapp
3327,Fc Penafiel,0,Estádio Municipal 25 de Abril,5230,Ricardo Chéu
14171,Thonon Evian Grand Geneve Fc,1,Stade Joseph-Moynat,0,Pascal Dupraz
1455,Fc Dordrecht,0,Riwal Hoogwerkers Stadion,4235,Ernie Brandts
976,Cf Uniao Madeira,0,Centro Desportivo da Madeira,2500,Luís Norton de Matos
11126,Mordovia Saransk,0,Mordovia Arena,44442,Andrey Gordeev
3558,Gfc Ajaccio,0,Stade Ange-Casanova,4050,Thierry Laurey
6994,"Metalurg Zaporizhya Bis 2016 ",0,Slavutych Arena,11883,Anatoliy Chantsev
6996,Goverla Uzhgorod,0,Avangard,10640,Vyacheslav Groznyi
28956,Ael Kalloni,0,Stadio Mytilinis,4000,Thalis Theodoridis
4102,Carpi Fc 1909,0,Sandro Cabassi,5510,Fabrizio Castori
7185,Panthrakikos Komotini,1,Stadio Komotinis OPAP,5601,José Manuel Roca
3216,Mersin Idmanyurdu,0,Mersin Stadyumu,25000,Mesut Bakkal
825,Eskisehirspor,0,Eskişehir Yeni Stadyum,34930,Ilhan Mayakan
6414,Metalist Kharkiv,0,OSK Metalist,38685,Oleksandr Sevidov
2439,Kuban Krasnodar,0,Kuban Stadium,31654,Dmitri Khokhlov
2990,Academica Coimbra,2,Estádio Cidade de Coimbra,29744,José Viterbo
3691,Tom Tomsk,0,Trud,10028,Valeri Petrakov
2451,Inverness Caledonian Thistle Fc,0,Tulloch Caledonian Stadium,7750,Richie Foran
105,Sv Darmstadt 98,2,Merck-Stadion am Böllenfalltor,17400,Norbert Meier
4482,Volyn Lutsk,0,Stadion Avangard,12080,Vitaliy Kvartsyanyi
339,Dnipro Dnipropetrovsk,0,Meteor,24381,Dmytro Mykhaylenko
4795,Fc Ingolstadt 04,2,Audi Sportpark,15800,Markus Kauczinski
6,Adanaspor,1,Yeni Adana Stadyumu,33000,Engin Ipekoglu
2079,Veria Nps,0,Dimotiko Stadio Verias,6350,Dimitrios Eleftheropoulos
524,Gaziantepspor,0,Gaziantep Stadyumu,33502,Ismail Kartal
2921,Delfino Pescara 1936,1,Adriatico,20476,Massimo Oddo
47,Iraklis Thessaloniki,0,Kaftanzoglio Stadio,27770,Nikolaos Papadopoulos
458,Palermo Fc,0,"Comunale Renzo Barbera ""La Favorita""",36365,Davide Ballardini
289,Afc Sunderland,3,Stadium of Light,48707,Sam Allardyce
641,Fc Middlesbrough,5,Riverside Stadium,33746,Aitor Karanka
3008,Hull City,3,KCOM Stadium,24983,Steve Bruce
1159,As Nancy Lorraine,4,Stade Marcel-Picot,20087,Pablo Correa
2448,Sporting Gijon,4,El Molinón - Enrique Castro Quini,30000,Abelardo
595,Sc Bastia,2,Stade Armand-Cesari,16480,François Ciccolini
41,Hamburger Sv,1,Volksparkstadion,57000,Markus Gisdol
3690,Ska Khabarovsk,2,Lenin Stadion,15200,Aleksey Poddubskiy
192,Roda Jc Kerkrade,1,Parkstad Limburg Stadion,19979,Robert Molenaar
1084,Fc Malaga,0,La Rosaleda,30044,Míchel
8838,Zirka Kropyvnytskyi,0,Zirka,14628,Roman Monarev
22110,Fc Helsingor,3,Helsingør Ny Stadion,4000,Christian Lönstrup
16247,Pfk Stal Kamyanske,0,Obolon,5100,Eghishe Melikyan
2944,Ankaraspor,0,Osmanlı Stadı,19626,Bülent Uygun
1506,Kardemir Karabukspor,0,Dr. Necmettin Şeyhoğlu,12400,Erkan Sözeri
21957,Ao Platanias,0,Dimotiko Gipedo Perivolia,3700,Georgios Paraschos
5219,Aok Kerkyra,0,Ethniko Stadio Kerkyras,3000,Dimitrios Eleftheropoulos
2760,Partick Thistle Fc,0,The Energy Check Stadium at Firhill,10102,Alan Archibald
897,Deportivo La Coruna,0,Riazor,32912,Pepe Mel
472,Ud Las Palmas,1,Estadio de Gran Canaria,32400,Manolo Márquez
512,Stoke City,7,bet365 Stadium,30089,Mark Hughes
2288,Swansea City,3,Liberty Stadium,21088,Paul Clement
40426,Fk Tosno,0,Petrovsky,20985,Dmitri Parfenov
4128,Amkar Perm,0,Zvezda,17000,Gadzhi Gadzhiev
498,Ksc Lokeren,0,Daknamstadion,12000,Peter Maes
2700,Anzhi Makhachkala,0,RDYuSSh MinObrNauki RD Politekh Makhachkala,1600,Magomed Adiev
642,De Graafschap Doetinchem,1,De Vijverberg,12600,Henk de Jong
19657,Vendsyssel Ff,0,Nord Energi Arena,10000,Jens Berthel Askou
862,Chievo Verona,0,Marcantonio Bentegodi,31045,Lorenzo D'Anna
8970,Frosinone Calcio,1,Benito Stirpe,16227,Moreno Longo
19771,Akhisarspor,0,Spor Toto Akhisar Stadyumu,12139,Safet Susic
20,Bursaspor,2,Bitci Timsah Park,43331,Samet Aybaba
9007,Arsenal Kiew,0,NSK Olimpisky,70050,Fabrizio Ravanelli
132,Nac Breda,5,Rat Verlegh Stadion,19000,Jo Jansen
855,Ea Guingamp,4,Stade du Roudourou,18120,Antoine Kombouaré
603,Cardiff City,5,Cardiff City Stadium,33280,Neil Warnock
1162,Sm Caen,2,Stade Michel-d'Ornano,20500,Fabien Mercadal
1110,Huddersfield Town,2,John Smith's Stadium,24500,David Wagner
3714,Enisey Krasnoyarsk,1,Zentralstadion Krasnoyarsk,15000,Dmitri Alenichev
42,Hannover 96,1,HDI-Arena,49000,André Breitenreiter
4,1 Fc Nurnberg,1,Max-Morlock-Stadion,50000,Michael Köllner
3349,Cd Feirense,3,Estádio Marcolino de Castro,5401,Nuno Manta Santos
169,Panionios Athen,0,Stadio Neas Smyrnis,11700,Apostolos Mantzios
19,Brescia Calcio,3,Mario Rigamonti,19550,Eugenio Corini
2722,Spal,2,Paolo Mazza,16134,Leonardo Semplici
128,Ao Xanthi,1,Xanthi Arena,7361,Kiko Ramírez
5818,Hobro Ik,1,DS Arena,7500,Peter Sörensen
3426,Esbjerg Fb,5,Blue Water Arena,16942,John Lammers
2477,Karpaty Lviv,0,Stadion Ukraina,28051,Oleksandr Chyzhevskyi
1244,Cd Leganes,3,Municipal de Butarque,12454,Mauricio Pellegrino
38,Fortuna Dusseldorf,3,MERKUR SPIEL-ARENA,54600,Friedhelm Funkel
1416,Amiens Sc,6,Stade Crédit Agricole la Licorne,12999,Luka Elsner
127,Sc Paderborn 07,3,Benteler-Arena,15000,Steffen Baumgart
1085,Vitoria Setubal Fc,3,Estádio do Bonfim,18642,Sandro Mendes
3336,Desportivo Aves,0,Estádio CD das Aves,5441,Augusto Inácio
982,Cd Nacional,3,Estádio da Madeira,5586,Luis Antonio Zaluar
29228,Royal Excel Mouscron,3,Le Canonnier,10830,Fernando Da Cruz
1160,Nimes Olympique,7,Stade des Costières,18364,Jérôme Arpinon
1426,Vvv Venlo,0,Covebo Stadion - De Koel,8000,Hans de Koning
23611,Olimpik Donetsk,0,NTK im. B. M. Bannikova,1678,Igor Klymovskyi
2999,Hamilton Academical Fc,1,Fountain of Youth Stadium,6018,Brian Rice
833,Denizlispor,1,Denizli Atatürk Stadı,18745,Robert Prosinecki
39722,Buyuksehir Belediye Erzurumspor,3,Erzurum Kazım Karabekir,23700,Mehmet Özdilek
4171,Benevento Calcio,3,Ciro Vigorito,16867,Filippo Inzaghi
4083,Fc Crotone,5,Ezio Scida,16640,Giovanni Stroppa
130,Parma Calcio 1913,3,Ennio Tardini,22352,Roberto D'Aversa
820,Genclerbirligi Ankara,0,Eryaman Stadyumu,20560,Mert Nobre
4603,Ae Larisa,1,Stadio Alkazar,13108,Michalis Grigoriou
1268,Ado Den Haag,0,Cars Jeans Stadion,15000,Aleksandar Rankovic
984,West Bromwich Albion,6,The Hawthorns,26850,Slaven Bilic
1533,Sd Eibar,0,Ipurua,8164,José Luis Mendilibar
5358,Sd Huesca,3,El Alcoraz,9128,Míchel
350,Sheffield United,7,Bramall Lane,32702,Chris Wilder
2969,Dijon Fco,4,Stade Gaston-Gérard,16098,Stéphane Jobard
28643,Waasland Beveren,2,Freethielstadion,13290,Nicky Hayen
3609,Rotor Volgograd,1,Volgograd Arena,45568,Aleksandr Khatskevich
41201,Pfk Tambov,0,Mordovia Arena,44149,Sergey Pervushin
4294,Sc Farense,3,Estádio São Luís,15000,Sérgio Vieira
347,Fc Metz,7,Stade Saint-Symphorien,26700,László Bölöni
65,Spvgg Greuther Furth,2,Sportpark Ronhof | Thomas Sommer,16626,Stefan Leitl
511,Dundee Fc,1,Kilmac Stadium at Dens Park,11850,Gary Bowyer
443,Vejle Boldklub,3,Vejle Stadion,10418,Ivan Prelec
1132,Fc Burnley,9,Turf Moor,21994,Mike Jackson
19789,Yeni Malatyaspor,4,Yeni Malatya Stadyumu,25745,Cihat Arslan
441,Apollon Smyrnis,1,"Gipedo Rizoupolis ""Georgios Kamaras""",14200,Babis Tennes
607,Venezia Fc,10,Pier Luigi Penzo,11150,Ivan Javorcic
2375,Altay Sk,4,Alsancak Mustafa Denizli Stadı,15000,Sinan Kaloglu
1467,Goztepe,3,Gürsel Aksel Stadyumu,19713,Serdar Sabuncu
126,Caykur Rizespor,5,Çaykur Didi,15332,Bülent Korkmaz
1390,Cagliari Calcio,6,Unipol Domus,16416,Fabio Liverani
252,Genua Cfc,8,Luigi Ferraris,34901,Alexander Blessin
5817,Sonderjyske,4,Sydbank Park,10000,Henrik Hansen
16239,Desna Chernigiv,0,Stadion im. Yuriya Gagarina,12060,Oleksandr Ryabokon
6993,Fk Mariupol,0,Stadion im. Volodymyra Boyko,12680,Ostap Markevych
1123,Norwich City,15,Carrow Road,27244,Dean Smith
1010,Fc Watford,18,Vicarage Road,21577,Roy Hodgson
1108,Deportivo Alaves,2,Mendizorrotza,19840,Luis García
16795,Fc Granada,4,Nuevo Los Cármenes,19336,Aitor Karanka
10,Arminia Bielefeld,5,SchücoArena,26515,Marco Kostmann
41274,"Beerschot V A ",2,Olympisch Stadion,12771,Greg Vanderidt
979,Moreirense Fc,2,E. C. J. de Almeida Freitas,6153,Ricardo Sá Pinto
2457,Belenenses Sad,4,Estádio das Seixas,12500,Franclim Carvalho
3368,Ud Levante,4,Ciutat de València,25354,Mehdi Nafti
403,Willem Ii Tilburg,0,Koning Willem II Stadion,14700,Kevin Hofland
1269,Pec Zwolle,3,MAC³PARK stadion,14000,Dick Schreuder
1304,Heracles Almelo,1,Erve Asito,12080,René Kolmschot
7179,Cd Tondela,5,Estádio João Cardoso,5000,Nuno Campos
3729,Arsenal Tula,3,Arsenal,19241,Oleg Kononov
2698,Rubin Kazan,4,Ak Bars Arena,45379,Leonid Slutski
28095,Fk Ufa,2,BetBoom Arena,15132,Sergey Tomarov
40,Fc Girondins Bordeaux,11,Matmut Atlantique,42052,David Guion
618,As Saint Etienne,8,Stade Geoffroy-Guichard,42000,Laurent Batlles
317,Fc Twente Enschede,4,De Grolsch Veste,30205,Ron Jans
1124,Fakel Voronezh,0,Central Stadium of Profsoyuzes,21793,Dmitri Pyatibratov
798,Sbv Excelsior Rotterdam,1,Van Donge & De Roo Stadion - Woudestein,4400,Marinus Dijkhuizen
234,Feyenoord Rotterdam,12,"Stadion Feyenoord ""De Kuip""",47500,Arne Slot
33,Fc Schalke 04,4,Veltins-Arena,62271,Frank Kramer
2414,Ac Horsens,3,Casa Arena Horsens,10400,Jens Berthel Askou
1090,Az Alkmaar,7,AFAS Stadion,19478,Pascal Jansen
2715,Rfc Seraing,5,Stade du Paray,6744,José Jeunechamps
3508,Sv Zulte Waregem,3,Elindus Arena,12250,Mbaye Leye
80,Vfl Bochum,8,Vonovia Ruhrstadion,26000,Thomas Letsch
465,St Mirren Fc,6,The SMISA Stadium,8023,Stephen Robinson
475,Vv St Truiden,3,Stayen,14600,Bernd Hollerbach
46,Inter Mailand,16,Giuseppe Meazza,75923,Simone Inzaghi
1245,Kas Eupen,7,Kehrweg-Stadion,8331,Bernd Storck
383,Psv Eindhoven,8,Philips Stadion,35000,Ruud van Nistelrooy
11688,Giresunspor,2,Çotanak Spor Kompleksi,21500,Hakan Keles
2759,Ross County Fc,1,Global Energy Stadium,6541,Malky Mackay
10484,Kasimpasa,5,Recep Tayyip Erdoğan Stadyumu,13856,Senol Can
610,Ajax Amsterdam,17,Johan Cruijff ArenA,55600,Alfred Schreuder
3205,Kayserispor,3,Büyükşehir Belediyesi Kadir Has,32864,Cagdas Atan
868,Mke Ankaragucu,4,Eryaman Stadyumu,20560,Ömer Erdogan
11282,Alanyaspor,5,Alanya Oba Stadyumu,10128,Francesco Farioli
2293,Konyaspor,6,Medaş Konya Büyükşehir Stadyumu,42000,Ilhan Palut
2381,Sivasspor,5,Yeni 4 Eylül Stadı,27532,Riza Calimbay
924,Istanbulspor,1,Esenyurt Necmi Kadıoğlu Stadyumu,7500,Osman Zeki Korkmaz
7775,Hatayspor,8,Yeni Hatay Stadyumu,25000,Volkan Demirel
6890,Istanbul Basaksehir Fk,6,Başakşehir Fatih Terim,17156,Emre Belözoglu
114,Besiktas Istanbul,8,Vodafone Park,42590,Valérien Ismaël
449,Trabzonspor,13,Şenol Güneş Spor Kompleksi,40782,Abdullah Avci
6646,Fatih Karagumruk,6,Atatürk Olimpiyat,74753,Andrea Pirlo
36,Fenerbahce Istanbul,15,Ülker Stadyumu FB Şükrü Saraçoğlu Spor Kompleksi,47834,Jorge Jesus
24245,Umraniyespor,2,Ümraniye Belediyesi Şehir Stadı,2500,Recep Ucar
3522,Spezia Calcio,12,Alberto Picco,11512,Luca Gotti
1005,Us Lecce,6,Ettore Giardiniero,31559,Marco Baroni
1038,Sampdoria Genua,7,Luigi Ferraris,36348,Marco Giampaolo
749,Fc Empoli,10,Carlo Castellani,19847,Paolo Zanetti
380,Us Salernitana 1919,8,Arechi,29739,Davide Nicola
2239,Us Cremonese,7,Giovanni Zini,16003,Massimiliano Alvini
276,Hellas Verona,7,Marcantonio Bentegodi,39211,Gabriele Cioffi
2919,Ac Monza,6,U-Power Stadium - Brianteo,15039,Raffaele Palladino
1025,Fc Bologna,11,Stadio Renato Dall’Ara,36462,Thiago Motta
589,Antalyaspor,3,Corendon Airlines Park Antalya Stadı,32537,Nuri Sahin
6574,Us Sassuolo,11,Mapei Stadium - Città del Tricolore,21584,Alessio Dionisi
416,Fc Turin,17,Stadio Olimpico Grande Torino,28177,Ivan Juric
398,Lazio Rom,10,Olimpico di Roma,73261,Maurizio Sarri
430,Ac Florenz,12,Artemio Franchi,47282,Vincenzo Italiano
800,Atalanta Bergamo,17,Gewiss Stadium,22512,Gian Piero Gasperini
2832,Gaziantep Fk,3,Kalyon Stadyumu,33502,Erol Bulut
6195,Ssc Neapel,18,Stadio Diego Armando Maradona,54726,Luciano Spalletti
506,Juventus Turin,19,Allianz Stadium,41507,Massimiliano Allegri
5,Ac Mailand,19,Giuseppe Meazza,75923,Stefano Pioli
987,Motherwell Fc,4,Fir Park,13750,Stevie Hammell
370,Aberdeen Fc,3,Pittodrie Stadium,22199,Jim Goodwin
3840,Adana Demirspor,5,Yeni Adana Stadyumu,33000,Vincenzo Montella
12,As Rom,19,Olimpico di Roma,73261,José Mourinho
43,Heart Of Midlothian Fc,5,Tynecastle Park,19852,Robbie Neilson
371,Celtic Glasgow,14,Celtic Park,60832,Ange Postecoglou
124,Glasgow Rangers,15,Ibrox Stadium,50987,Giovanni van Bronckhorst
18105,Pfk Lviv,0,Arena Lviv,34915,Oleg Dulub
61825,Fk Minaj,0,Stadion Minaj,2000,Volodymyr Sharan
26459,Nk Veres Rivne,0,Stadion Avangard (2022),10000,Yuriy Virt
1241,Livingston Fc,0,Tony Macaroni Arena,9512,David Martindale
48726,Rukh Lviv,0,Ukraina,28051,Leonid Kuchuk
55686,Metalist 1925 Kharkiv,0,NSK Olimpisky,70050,Valeriy Kryventsov
49364,Ingulets Petrove,1,Stadion Ingulets,1720,Sergiy Lavrynenko
3592,Kryvbas Kryvyi Rig,0,NSK Olimpisky,70050,Yuriy Vernydub
2553,Kilmarnock Fc,3,"BBSP Stadium, Rugby Park",18128,Derek McInnes
903,Hibernian Fc,4,Easter Road Stadium,20250,Lee Johnson
48332,Kolos Kovalivka,2,Kolos,5050,Yaroslav Vyshnyak
141,Galatasaray Istanbul,13,Ali Sami Yen Spor Kompleksi NEF Stadyumu,52223,Okan Buruk
2740,Vorskla Poltava,4,Stadion Minaj,0,Viktor Skrypnyk
60551,Sk Dnipro 1,4,Avangard,10640,Oleksandr Kucher
660,Shakhtar Donetsk,10,Arena Lviv,34915,Igor Jovicevic
338,Dynamo Kiew,13,NSK Olimpiyskyi,70050,Mircea Lucescu
6992,Chornomorets Odessa,0,Stadion Chornomorets (2011),34164,Roman Grygorchuk
2671,Pas Giannina,1,Stadio Zosimades,7652,Athanasios Staikos
2672,Apo Levadiakos,1,Stadio Livadias,5915,Jasminko Velic
553,Ionikos Nikeas,2,Dimotiko Gipedo Neapolis,6000,Dimitrios Spanos
6676,Asteras Tripolis,0,Gipedo Theodoros Kolokotronis,7423,Iraklis Metaxas
6418,Panetolikos Gfs,3,Gipedo Panetolikou,5230,Giannis Anastasiou
3060,Atromitos Athen,2,Stadio Peristeriou,9050,Chris Coleman
60949,Volos Nps,2,Panthessaliko Stadio,22700,Konstantinos Bratsos
653,Ofi Kreta,2,Gipedo Theodoros Vardinogiannis,9088,Nikolaos Nioplias
10690,Zorya Lugansk,1,Avangard,10640,Patrick van Leeuwen
265,Panathinaikos Athen,8,Apostolos Nikolaidis,15000,Ivan Jovanovic
83678,Metal Kharkiv,0,Avangard,10640,Oleg Ratiy
605,Aris Thessaloniki,9,"Gipedo ""Kleanthis Vikelidis""",22800,Alan Pardew
1519,Dundee United Fc,5,Tannadice Park,14223,Liam Fox
1091,Paok Thessaloniki,5,Toumba Stadium,28703,Razvan Lucescu
931,Fc Fulham,12,Craven Cottage,22384,Marco Silva
18303,Fk Oleksandriya,0,KSK Nika,7000,Yuriy Gura
399,Leeds United,10,Elland Road,37890,Jesse Marsch
683,Olympiakos Piraus,19,Stadio Georgios Karaiskakis,32115,Míchel
703,Nottingham Forest,17,The City Ground,30445,Steve Cooper
1148,Fc Brentford,13,Brentford Community Stadium,17250,Thomas Frank
3999,Pas Lamia 1964,3,"Stadio Lamia ""Athanasios Diakos""",5500,Gianluca Festa
543,Wolverhampton Wanderers,12,Molineux Stadium,32050,Bruno Lage
762,Newcastle United,10,St James' Park,52338,Eddie Howe
1237,Brighton Amp Hove Albion,12,AMEX Stadium,31800,Roberto De Zerbi
989,Afc Bournemouth,9,Vitality Stadium,11329,Gary O'Neil
410,Udinese Calcio,6,Dacia Arena,25144,Andrea Sottil
379,West Ham United,16,London Stadium,60000,David Moyes
11,Fc Arsenal,18,Emirates Stadium,60704,Mikel Arteta
2578,St Johnstone Fc,4,McDiarmid Park,10696,Callum Davidson
148,Tottenham Hotspur,19,Tottenham Hotspur Stadium,62062,Antonio Conte
2441,Aek Athen,14,"Olympiakó Stádio Athinon ""Spyros Louis""",69618,Matías Almeyda
31,Fc Liverpool,16,Anfield,54074,Jürgen Klopp
180,Fc Southampton,11,St Mary's Stadium,32384,Ralph Hasenhüttl
985,Manchester United,20,Old Trafford,74879,Erik ten Hag
601,Kv Kortrijk,6,Guldensporenstadion,9399,Adnan Custovic
2861,Kv Oostende,3,Diaz Arena,8432,Yves Vanderhaeghe
873,Crystal Palace,8,Selhurst Park,26047,Patrick Vieira
354,Kv Mechelen,3,AFAS Stadion,16672,Danny Buijs
281,Manchester City,18,Etihad Stadium,55017,Pep Guardiola
405,Aston Villa,16,Villa Park,42682,Steven Gerrard
520,Cercle Brugge,6,Jan-Breydel-Stadion,29062,Miron Muslic
172,Rsc Charleroi,7,Stade du Pays de Charleroi,15000,Edward Still
157,Kaa Gent,9,Ghelamco Arena,19999,Hein Vanhaezebrouck
1003,Leicester City,15,King Power Stadium,32273,Brendan Rodgers
1184,Krc Genk,10,Cegeka Arena,24956,Wouter Vrancken
58,Rsc Anderlecht,7,Lotto Park,21500,Felice Mazzù
2727,Oud Heverlee Leuven,4,King Power at Den Dreef Stadion,10020,Marc Brys
369,Lyngby Bk,2,Lyngby Stadion,10000,Freyr Alexandersson
29,Fc Everton,11,Goodison Park,39571,Frank Lampard
1177,Silkeborg If,2,JYSK Park,10000,Kent Nielsen
1096,Royal Antwerpen Fc,6,De Bosuil,16144,Mark van Bommel
2282,Fc Brugge,16,Jan-Breydel-Stadion,29062,Carl Hoefkens
3948,Royale Union Saint Gilloise,5,Stade Joseph Mariën,8000,Karel Geraerts
1063,Viborg Ff,1,Viborg Stadion,9566,Jacob Friis
631,Fc Chelsea,17,Stamford Bridge,40853,Graham Potter
678,Aarhus Gf,3,Ceres Park,19433,Uwe Rösler
206,Brondby If,6,Brøndby Stadion,28000,Niels Frederiksen
190,Fc Kopenhagen,11,Parken,38065,Jacob Neestrup
3325,Gd Chaves,4,Estádio Municipal Eng.º Manuel Branco Teixeira,9000,Vítor Campelos
968,Kvc Westerlo,6,Het Kuipje,8035,Jonas De Roeck
3268,Casa Pia Ac,5,Pina Manique,5000,Filipe Martins
6912,Fc Vizela,2,Estádio do Vizela,6565,Álvaro Pacheco
1301,Cs Maritimo,3,Estádio do Marítimo,10932,João Henriques
2425,Rio Ave Fc,1,Estádio dos Arcos,9065,Luís Freire
7378,Portimonense Sc,1,Portimonense Estádio,6000,Paulo Sérgio
2503,Boavista Porto Fc,7,Estádio do Bessa Sec. XXI,28263,Petit
1053,Aalborg Bk,1,Aalborg Portland Park,13800,Erik Hamrén
173,Odense Boldklub,3,Nature Energy Park,15790,Andreas Alm
2995,Fc Pacos De Ferreira,2,Estádio Capital do Móvel,9200,César Peixoto
8024,Fc Arouca,4,Estádio Municipal de Arouca,5600,Armando Evangelista
2420,Vitoria Guimaraes Sc,2,Estádio D. Afonso Henriques,29865,Moreno
3057,Standard Luttich,7,Maurice Dufrasne Stadion,27670,Ronny Deila
2424,Gil Vicente Fc,3,Estádio Cidade de Barcelos,12046,Ivo Vieira
336,Sporting Lissabon,7,Estádio José Alvalade XXI,50080,Rúben Amorim
720,Fc Porto,9,Estádio do Dragão,50399,Sérgio Conceição
294,Benfica Lissabon,10,Estádio da Luz,65000,Roger Schmidt
1465,Gd Estoril Praia,3,Estádio António Coimbra da Mota,8000,Nélson Veríssimo
3,1 Fc Koln,7,RheinEnergieSTADION,50000,Steffen Baumgart
167,Fc Augsburg,6,WWK ARENA,30660,Enrico Maaßen
44,Hertha Bsc,9,Olympiastadion Berlin,74649,Sandro Schwarz
2423,Cd Santa Clara,1,Estádio de São Miguel,15000,Mário Silva
86,Sv Werder Bremen,6,Wohninvest-Weserstadion,42100,Ole Werner
79,Vfb Stuttgart,5,Mercedes-Benz Arena,60449,Pellegrino Matarazzo
60,Sc Freiburg,10,Europa-Park Stadion,34700,Christian Streich
865,Fc Midtjylland,7,MCH Arena,11535,Albert Capellas
18,Borussia Monchengladbach,11,Stadion im Borussia-Park,54022,Daniel Farke
2778,Fc Nordsjaelland,2,Right to Dream Park,10300,Flemming Pedersen
24,Eintracht Frankfurt,10,Deutsche Bank Park,51500,Oliver Glasner
3329,Fc Famalicao,3,Estádio Municipal de Famalicão,5300,João Pedro Sousa
39,1 Fsv Mainz 05,6,Mewa Arena,33305,Bo Svensson
23826,Rasenballsport Leipzig,17,Red Bull Arena,47069,Marco Rose
533,Tsg 1899 Hoffenheim,8,PreZero Arena,30150,André Breitenreiter
27,Fc Bayern Munchen,20,Allianz Arena,75024,Julian Nagelsmann
2687,Fc Cadiz,6,Nuevo Mirandilla,21094,Sergio
16,Borussia Dortmund,14,SIGNAL IDUNA PARK,81365,Edin Terzic
237,Rcd Mallorca,10,Visit Mallorca Estadi,20500,Javier Aguirre
367,Rayo Vallecano,7,Campo de Fútbol de Vallecas,15105,Andoni Iraola
5724,Randers Fc,2,Cepheus Park Randers,10300,Thomas Thomasberg
12321,Fc Girona,1,Municipal de Montilivi,11286,Míchel
714,Espanyol Barcelona,3,RCDE Stadium,40500,Diego Martínez
331,Ca Osasuna,2,El Sadar,23576,Jagoba Arrasate
89,1 Fc Union Berlin,8,Stadion An der Alten Försterei,22012,Urs Fischer
3709,Fc Getafe,9,Coliseum Alfonso Pérez,16800,Quique Sánchez Flores
1049,Fc Valencia,9,Mestalla,48600,Gennaro Gattuso
940,Celta Vigo,4,Abanca Balaídos,29000,Eduardo Coudet
621,Athletic Bilbao,4,San Mamés,53289,Ernesto Valverde
1075,Sc Braga,4,Estádio Municipal de Braga,30286,Artur Jorge
82,Vfl Wolfsburg,11,Volkswagen Arena,30000,Niko Kovac
1050,Fc Villarreal,10,La Cerámica,23500,Unai Emery
13,Atletico Madrid,18,Civitas Metropolitano,68456,Diego Simeone
131,Fc Barcelona,20,Spotify Camp Nou,99354,Xavi
366,Real Valladolid,3,Nuevo José Zorrilla,27618,Pacheta
14589,Fk Orenburg,3,Gazovik,10046,Marcel Licka
1186,Torpedo Moskau,3,Luzhniki Stadium,81000,Nikolay Kovardaev
3302,Ud Almeria,2,Power Horse Stadium,15274,Rubi
1531,Fc Elche,3,Manuel Martínez Valero,31388,Francisco Rodríguez
150,Real Betis Sevilla,10,Benito Villamarín,59378,Manuel Pellegrini
49702,Fk Nizhny Novgorod,2,Nizhny Novgorod Stadium,44242,Mikhail Galaktionov
41231,Fk Sochi,3,Fisht Olympic Stadium,45994,Vadim Garanin
2696,Krylya Sovetov Samara,5,Solidarnost Samara Arena,42347,Igor Osinjkin
418,Real Madrid,16,Santiago Bernabéu,81044,Carlo Ancelotti
1083,Fk Rostov,7,Rostov Arena,45415,Valeriy Karpin
16704,Fk Krasnodar,8,Stadion Krasnodar,35179,Aleksandr Storozhuk
932,Lokomotiv Moskau,5,RZD Arena,27084,Josef Zinnbauer
232,Spartak Moskau,9,Otkrytie Bank Arena,44571,Guillermo Abascal
121,Dinamo Moskau,8,VTB-Arena,25716,Slavisa Jokanovic
964,Zenit St Petersburg,14,Gazprom Arena,63026,Sergey Semak
2410,Zska Moskau,7,VEB Arena,30114,Vladimir Fedotov
368,Fc Sevilla,12,Ramón Sánchez-Pizjuán,43883,Julen Lopetegui
3524,Clermont Foot 63,10,Stade Gabriel-Montpied,13000,Pascal Gastien
290,Aj Auxerre,8,Stade de l'Abbé-Deschamps,18541,Jean-Marc Furlan
1420,Sco Angers,9,Stade Raymond Kopa,19350,Gérald Baticle
1147,Ac Ajaccio,10,Stade François-Coty,10446,Olivier Pantaloni
3911,Stade Brest 29,6,Stade Francis-Le Blé,15097,Michel Der Zakarian
1158,Fc Lorient,8,Stade du Moustoir,19010,Régis Le Bris
11127,Ural Ekaterinburg,2,Yekaterinburg Arena,27000,Viktor Goncharenko
667,Rc Strassburg Alsace,6,Stade de la Meinau,29000,Julien Stéphan
969,Montpellier Hsc,6,Stade de la Mosson,32939,Olivier Dall'Oglio
995,Fc Nantes,7,Stade de la Beaujoire,37463,Antoine Kombouaré
3719,Fk Khimki,1,Arena Khimki,18636,Spartak Gogniev
1082,Losc Lille,9,Decathlon Arena-Stade Pierre-Mauroy,50186,Paulo Fonseca
417,Ogc Nizza,9,Allianz Riviera,36178,Lucien Favre
244,Olympique Marseille,15,Orange Vélodrome,67394,Igor Tudor
3725,Akhmat Grozny,3,Akhmat-Arena,30200,Sergey Tashuev
273,Fc Stade Rennes,11,Roazhon Park,29778,Bruno Génésio
415,Fc Toulouse,7,Stadium Municipal,33150,Philippe Montanier
15,Bayer 04 Leverkusen,13,BayArena,30210,Gerardo Seoane
1435,Go Ahead Eagles Deventer,0,De Adelaarshorst,9909,René Hake
724,Fc Volendam,0,Kras Stadion,7384,Wim Jonk
468,Sparta Rotterdam,2,"Sparta-stadion ""Het Kasteel""",11026,Maurice Steijn
1283,Fc Emmen,1,De Oude Meerdijk,8309,Dick Lukkien
681,Real Sociedad San Sebastian,6,Reale Arena,39313,Imanol Alguacil
235,Rkc Waalwijk,5,Mandemakers Stadion,7508,Joseph Oosting
133,Sc Cambuur Leeuwarden,6,Cambuurstadion,10250,Henk de Jong
385,Fortuna Sittard,3,Fortuna Sittard Stadion,12500,Julio Velázquez
306,Sc Heerenveen,2,Abe Lenstra Stadion,27224,Kees van Wonderen
202,Fc Groningen,3,Euroborg,22555,Frank Wormuth
583,Fc Paris Saint Germain,15,Parc des Princes,49691,Christophe Galtier
499,Vitesse Arnheim,5,GelreDome,21248,Phillip Cocu
200,Fc Utrecht,4,"Stadion ""Galgenwaard""",23750,Henk Fraser
1041,Olympique Lyon,4,Groupama Stadium,59186,Peter Bosz
162,As Monaco,11,Stade Louis-II,18523,Philippe Clement
826,Rc Lens,12,Stade Bollaert-Delelis,38223,Franck Haise
467,Nec Nijmegen,3,Goffertstadion,12500,Rogier Meijer
1421,Stade Reims,8,Stade Auguste-Delaune,21684,Óscar García
1095,Es Troyes Ac,5,Stade de l'Aube,21877,Bruno Irles
